opportunity_id,customer_id,stage,amount,created_date,close_date
1,179,Won,33424.08,2023-05-31,2023-06-25
2,414,Qualified,2448.15,2021-10-11,
3,361,Lead,46622.57,2023-05-20,
4,49,Lead,10819.99,2023-05-28,
5,112,Won,7702.49,2022-05-26,2022-06-25
6,105,Won,16932.53,2022-11-22,2022-12-19
7,254,Qualified,15473.58,2023-07-21,
8,392,Lost,,2021-06-08,2021-08-04
9,23,Proposal,20696.39,2023-04-24,
10,489,Lead,9769.75,2023-07-24,
11,325,Lost,,2022-01-11,2022-03-09
12,266,Qualified,41517.95,2022-05-01,
13,446,Won,11539.65,2022-05-17,2022-07-08
14,349,Proposal,3522.33,2021-09-22,
15,328,Qualified,8156.79,2022-06-04,
16,411,Lost,,2021-04-01,2021-05-13
17,438,Won,46091.66,2021-06-30,2021-07-09
18,13,Proposal,45495.61,2023-09-08,
19,147,Won,23109.03,2021-06-23,2021-06-30
20,464,Lost,,2023-08-03,2023-09-13
21,463,Qualified,1203.15,2021-04-18,
22,4,Won,4681.42,2022-11-18,2022-12-30
23,32,Lead,49308.77,2021-10-31,
24,129,Proposal,9694.97,2021-06-24,
25,234,Won,39862.27,2023-01-11,2023-03-08
26,181,Won,12515.11,2023-08-27,2023-10-03
27,31,Qualified,38306.53,2021-12-30,
28,112,Lost,,2022-11-17,2023-01-05
29,327,Won,16397.05,2022-12-26,2023-02-18
30,259,Qualified,49451.43,2021-10-29,
31,429,Lead,44151.48,2023-02-19,
32,440,Won,13557.63,2021-01-29,2021-03-08
33,37,Proposal,7567.37,2022-04-07,
34,182,Lead,26908.1,2022-08-24,
35,406,Lost,,2022-12-17,2023-01-02
36,214,Won,37638.77,2021-01-03,2021-01-20
37,167,Proposal,24616.51,2022-06-28,
38,379,Lead,21491.63,2023-05-17,
39,434,Qualified,31086.31,2021-11-23,
40,261,Lost,,2021-04-24,2021-05-17
41,248,Proposal,12558.91,2021-01-08,
42,296,Proposal,38308.61,2022-01-02,
43,334,Lost,,2021-11-16,2021-12-02
44,129,Won,11048.68,2022-04-04,2022-05-06
45,399,Lost,,2023-01-14,2023-01-26
46,438,Qualified,32279.27,2021-03-29,
47,118,Lost,,2023-08-24,2023-10-21
48,497,Lead,30777.44,2022-02-04,
49,256,Qualified,36871.84,2022-10-08,
50,166,Won,38682.6,2021-10-01,2021-10-19
51,264,Won,29016.98,2023-05-11,2023-05-21
52,307,Proposal,7893.94,2023-06-03,
53,339,Won,32995.23,2022-05-09,2022-05-30
54,33,Proposal,8625.05,2022-07-24,
55,415,Won,19165.24,2023-06-29,2023-07-31
56,137,Lead,11828.97,2023-05-17,
57,269,Won,28105.87,2022-02-28,2022-04-24
58,424,Won,34985.32,2022-07-03,2022-08-04
59,284,Lead,16166.39,2023-06-02,
60,251,Qualified,23441.53,2021-11-14,
61,139,Proposal,8774.94,2023-01-15,
62,362,Proposal,37902.58,2021-05-06,
63,156,Won,7893.28,2023-01-23,2023-03-04
64,246,Lost,,2022-04-20,2022-05-20
65,489,Lost,,2023-09-05,2023-09-12
66,138,Proposal,17716.34,2021-05-04,
67,95,Lost,,2022-12-28,2023-01-06
68,15,Qualified,18822.56,2023-02-18,
69,125,Won,24260.97,2023-03-08,2023-03-27
70,69,Lead,46917.24,2021-09-27,
71,67,Won,19454.74,2022-01-11,2022-02-07
72,135,Qualified,37781.8,2022-06-04,
73,62,Won,31649.53,2023-03-03,2023-03-20
74,68,Proposal,4968.51,2023-02-10,
75,233,Won,10413.23,2022-05-21,2022-06-18
76,94,Qualified,15788.02,2023-08-03,
77,270,Lead,43344.33,2022-05-30,
78,341,Qualified,36337.5,2021-12-09,
79,47,Lost,,2023-05-23,2023-06-17
80,46,Won,9851.64,2022-08-23,2022-09-21
81,375,Lost,,2022-11-25,2023-01-04
82,411,Qualified,6189.7,2021-06-03,
83,170,Lost,,2021-05-23,2021-06-29
84,199,Lost,,2022-12-23,2023-01-07
85,451,Proposal,1203.76,2021-07-09,
86,167,Lost,,2021-01-27,2021-03-02
87,19,Lost,,2021-11-03,2021-11-20
88,303,Lead,13247.77,2023-07-31,
89,34,Lead,36615.32,2021-04-12,
90,399,Qualified,26639.39,2023-03-29,
91,330,Qualified,35181.34,2022-06-08,
92,252,Qualified,15993.82,2021-01-30,
93,376,Lost,,2021-12-29,2022-02-23
94,265,Lead,4516.44,2022-10-23,
95,253,Won,5377.04,2022-04-14,2022-04-28
96,270,Lost,,2022-02-04,2022-02-27
97,283,Proposal,26432.03,2022-05-11,
98,111,Lead,37793.98,2022-06-11,
99,344,Lost,,2023-08-26,2023-09-03
100,1,Lead,29640.9,2021-05-23,
101,482,Won,5260.2,2022-11-02,2022-11-23
102,165,Qualified,24678.5,2023-04-07,
103,208,Qualified,26083.3,2021-08-30,
104,281,Lost,,2021-06-03,2021-07-15
105,482,Proposal,15777.64,2021-11-01,
106,250,Won,22895.13,2023-01-15,2023-03-14
107,227,Proposal,2331.83,2021-03-22,
108,380,Lost,,2022-03-19,2022-04-02
109,224,Lead,24502.42,2023-01-01,
110,43,Lost,,2022-10-12,2022-11-09
111,332,Proposal,23488.45,2021-12-30,
112,199,Lost,,2023-05-15,2023-06-28
113,87,Qualified,42253.72,2021-12-11,
114,314,Qualified,19771.7,2021-08-13,
115,118,Lead,28890.31,2021-01-27,
116,493,Lead,27192.95,2021-09-06,
117,288,Proposal,43116.42,2022-08-14,
118,441,Lead,15236.85,2021-04-11,
119,180,Won,38408.77,2022-12-20,2023-02-16
120,83,Proposal,27761.54,2021-06-02,
121,67,Proposal,30965.05,2023-02-20,
122,485,Qualified,25499.23,2022-12-30,
123,218,Won,48760.57,2022-07-28,2022-08-06
124,133,Lost,,2023-04-17,2023-06-07
125,385,Lead,27570.52,2023-03-25,
126,181,Proposal,15833.97,2021-07-26,
127,195,Lost,,2023-09-02,2023-10-10
128,436,Qualified,45528.7,2023-05-28,
129,166,Proposal,36275.16,2023-03-07,
130,63,Proposal,34512.19,2023-03-22,
131,286,Lost,,2022-03-28,2022-04-02
132,179,Lead,6923.76,2021-05-05,
133,482,Qualified,20830.07,2021-05-01,
134,33,Qualified,12431.43,2023-06-22,
135,251,Lead,27792.84,2023-08-25,
136,21,Proposal,45023.84,2022-09-05,
137,247,Lost,,2022-12-13,2023-02-04
138,400,Lead,29887.8,2023-04-18,
139,74,Won,42999.66,2023-04-28,2023-05-23
140,440,Lead,27314.73,2022-09-19,
141,148,Won,14360.47,2021-05-19,2021-06-29
142,460,Lost,,2022-11-12,2023-01-06
143,493,Lead,26743.39,2021-01-13,
144,115,Won,42564.13,2021-09-30,2021-11-26
145,475,Won,8348.55,2021-08-14,2021-09-19
146,169,Qualified,3565.34,2021-11-11,
147,477,Qualified,8618.95,2023-02-24,
148,54,Lost,,2021-04-20,2021-05-25
149,304,Proposal,29342.88,2023-05-22,
150,273,Lead,18487.66,2023-04-18,
151,15,Won,13282.66,2022-12-12,2023-01-27
152,437,Won,49971.82,2022-10-01,2022-11-19
153,124,Proposal,10244.69,2022-06-24,
154,184,Proposal,26749.67,2021-03-26,
155,58,Lost,,2022-05-07,2022-06-20
156,459,Qualified,13441.77,2021-07-22,
157,304,Lost,,2021-06-11,2021-06-19
158,206,Proposal,16508.24,2022-07-25,
159,263,Lead,7247.89,2021-12-19,
160,405,Qualified,24315.14,2021-09-25,
161,45,Qualified,42985.7,2023-07-16,
162,479,Qualified,38295.3,2021-06-18,
163,57,Qualified,42595.41,2021-02-14,
164,223,Proposal,26430.86,2022-04-30,
165,68,Won,6546.2,2022-02-07,2022-02-25
166,311,Won,26531.06,2023-07-24,2023-09-07
167,11,Lead,46151.77,2021-07-16,
168,22,Won,14783.92,2022-07-01,2022-07-09
169,198,Qualified,47638.43,2021-06-05,
170,207,Won,3994.04,2022-06-24,2022-07-24
171,344,Won,41233.64,2022-01-11,2022-02-04
172,146,Lead,25488.82,2023-07-27,
173,16,Won,28527.02,2023-06-26,2023-07-27
174,25,Proposal,24246.46,2022-03-08,
175,71,Qualified,25863.98,2022-07-11,
176,8,Qualified,45390.23,2023-07-19,
177,465,Lead,10137.63,2023-08-12,
178,244,Qualified,24375.26,2021-03-03,
179,467,Lead,33853.18,2021-05-25,
180,331,Proposal,37216.72,2022-07-18,
181,420,Proposal,22823.2,2023-09-24,
182,437,Proposal,49446.2,2021-05-01,
183,125,Lost,,2021-08-15,2021-10-01
184,394,Proposal,14196.3,2021-11-10,
185,456,Won,30108.15,2021-02-27,2021-03-12
186,141,Proposal,13837.64,2022-12-17,
187,308,Won,27796.45,2021-10-05,2021-11-14
188,200,Won,18202.16,2023-01-24,2023-03-16
189,383,Lost,,2023-04-18,2023-06-06
190,40,Proposal,34926.3,2021-09-28,
191,323,Proposal,2729.33,2022-07-26,
192,332,Proposal,48106.13,2022-07-18,
193,128,Lead,28920.0,2022-01-31,
194,464,Qualified,29168.13,2021-03-05,
195,46,Won,4869.82,2021-04-19,2021-05-13
196,305,Lost,,2021-09-24,2021-11-06
197,399,Qualified,9258.01,2022-04-06,
198,7,Lead,31069.04,2021-06-05,
199,157,Won,36877.74,2021-06-04,2021-07-25
200,212,Proposal,45698.6,2022-02-17,
201,107,Won,43581.93,2021-05-26,2021-07-08
202,92,Lead,1545.37,2022-07-21,
203,171,Lead,7887.57,2021-12-26,
204,17,Lead,43454.39,2023-07-21,
205,448,Proposal,13210.55,2022-12-03,
206,408,Won,2890.15,2022-10-30,2022-11-18
207,68,Proposal,13510.01,2021-12-11,
208,36,Won,14620.59,2021-10-16,2021-11-15
209,115,Lead,48949.64,2023-02-17,
210,464,Lost,,2022-11-10,2022-12-12
211,278,Proposal,31827.53,2022-12-31,
212,469,Qualified,44307.61,2022-12-05,
213,221,Qualified,13897.73,2023-08-17,
214,179,Lead,11942.78,2021-05-17,
215,316,Lead,15419.69,2021-08-29,
216,156,Proposal,37490.72,2021-08-30,
217,344,Qualified,13868.47,2021-06-05,
218,409,Lead,12187.47,2023-01-19,
219,26,Won,14969.43,2021-10-19,2021-12-15
220,125,Lost,,2022-08-24,2022-09-17
221,497,Lead,6014.66,2021-03-19,
222,117,Qualified,41161.05,2021-03-28,
223,283,Lost,,2023-01-05,2023-01-10
224,354,Qualified,23216.96,2022-07-26,
225,130,Qualified,12004.96,2021-01-15,
226,155,Won,15700.63,2023-09-20,2023-09-25
227,400,Won,35353.43,2021-09-08,2021-10-26
228,264,Qualified,46294.84,2023-05-28,
229,43,Qualified,11489.62,2023-04-09,
230,172,Won,25368.3,2021-05-27,2021-06-30
231,240,Won,18063.86,2023-06-17,2023-06-30
232,309,Lead,11926.75,2021-06-12,
233,472,Lead,46531.18,2023-03-17,
234,439,Proposal,16960.01,2021-09-24,
235,10,Won,39607.92,2021-07-07,2021-07-31
236,277,Lost,,2021-09-29,2021-10-22
237,107,Lead,5775.63,2021-10-09,
238,496,Proposal,37505.3,2022-01-30,
239,387,Lead,2025.34,2021-05-25,
240,215,Proposal,46665.44,2021-04-08,
241,316,Lead,49000.17,2022-05-01,
242,480,Lost,,2023-07-03,2023-08-11
243,77,Won,37361.59,2021-07-19,2021-07-30
244,454,Lead,46945.4,2021-02-27,
245,361,Won,11559.46,2022-08-19,2022-08-30
246,338,Won,43960.56,2022-09-25,2022-11-07
247,169,Lead,18192.52,2023-04-28,
248,293,Lead,32918.15,2021-07-22,
249,481,Lost,,2023-01-06,2023-03-05
250,102,Proposal,20790.11,2021-11-19,
251,288,Lost,,2021-06-08,2021-06-25
252,405,Qualified,27240.43,2021-11-23,
253,365,Lead,5598.84,2021-06-04,
254,324,Lead,1106.94,2023-03-03,
255,128,Proposal,8449.46,2021-10-06,
256,167,Lead,5676.08,2022-04-16,
257,168,Lost,,2023-08-06,2023-09-05
258,331,Lead,3128.42,2023-05-31,
259,29,Won,10586.25,2022-11-29,2023-01-12
260,263,Won,13485.7,2022-04-30,2022-06-19
261,334,Proposal,8180.12,2022-05-19,
262,395,Lost,,2022-05-18,2022-06-22
263,446,Lead,8613.44,2021-06-04,
264,69,Lost,,2022-04-15,2022-06-11
265,168,Qualified,8393.34,2021-04-20,
266,270,Won,20546.37,2021-12-06,2022-01-26
267,476,Lost,,2022-06-17,2022-08-06
268,481,Lead,20114.73,2023-07-11,
269,417,Proposal,19984.03,2022-03-19,
270,398,Proposal,48844.11,2023-04-06,
271,124,Qualified,43186.77,2022-05-07,
272,33,Proposal,21570.18,2021-09-18,
273,115,Won,48432.31,2023-04-27,2023-05-24
274,150,Lost,,2022-03-10,2022-03-18
275,382,Lead,1678.48,2023-07-23,
276,77,Lost,,2023-04-23,2023-05-22
277,147,Proposal,8522.24,2021-11-05,
278,480,Lead,24508.56,2022-10-01,
279,45,Qualified,6874.25,2023-07-06,
280,58,Won,24384.27,2021-03-15,2021-04-30
281,251,Lost,,2022-08-30,2022-09-26
282,172,Lead,10538.59,2021-10-20,
283,4,Lost,,2023-06-04,2023-07-29
284,355,Qualified,23697.53,2022-04-28,
285,309,Qualified,47365.06,2022-05-21,
286,133,Proposal,25308.77,2023-01-05,
287,444,Qualified,17690.55,2023-03-21,
288,352,Lead,46214.45,2022-02-20,
289,395,Lead,38117.71,2022-05-30,
290,318,Qualified,37203.94,2022-08-14,
291,296,Proposal,45399.39,2021-05-09,
292,122,Lead,11130.59,2023-09-11,
293,48,Lead,46484.33,2022-07-12,
294,24,Lost,,2022-05-25,2022-07-11
295,358,Won,30509.3,2023-04-06,2023-05-17
296,441,Lost,,2022-03-10,2022-04-09
297,413,Won,17174.07,2023-04-06,2023-04-13
298,314,Lead,1197.1,2022-10-04,
299,25,Won,36471.01,2021-05-01,2021-05-17
300,435,Proposal,13357.47,2023-04-13,
301,3,Lead,49988.23,2022-09-09,
302,73,Won,23232.43,2021-01-16,2021-02-03
303,76,Lead,21732.05,2021-03-22,
304,177,Qualified,15511.04,2021-12-08,
305,371,Lead,39498.53,2022-08-15,
306,102,Won,36971.48,2023-07-18,2023-07-25
307,15,Lead,43631.8,2021-11-13,
308,205,Won,41616.97,2023-01-07,2023-02-24
309,379,Qualified,45416.57,2023-09-21,
310,238,Lead,37204.82,2022-04-10,
311,131,Won,11983.35,2023-02-08,2023-02-22
312,168,Lost,,2021-06-24,2021-08-20
313,445,Lost,,2021-11-06,2021-11-22
314,91,Lost,,2023-05-15,2023-06-11
315,78,Won,31809.31,2022-11-06,2022-12-19
316,287,Lost,,2022-02-13,2022-02-21
317,78,Lost,,2022-07-19,2022-09-01
318,488,Qualified,21240.34,2021-01-22,
319,258,Qualified,23287.27,2023-07-02,
320,212,Lead,19323.05,2021-07-27,
321,449,Won,17129.92,2021-01-18,2021-02-15
322,125,Proposal,41246.89,2021-02-19,
323,450,Lost,,2023-08-25,2023-09-10
324,163,Qualified,5886.47,2022-03-18,
325,465,Proposal,17585.14,2021-03-19,
326,465,Won,19014.03,2023-06-08,2023-07-05
327,123,Lost,,2023-08-17,2023-09-13
328,11,Won,26172.66,2022-09-17,2022-11-07
329,374,Lead,24108.4,2021-10-28,
330,257,Lead,11157.39,2022-09-25,
331,461,Qualified,5113.88,2023-05-27,
332,161,Won,36771.98,2022-02-17,2022-02-27
333,334,Qualified,19326.74,2021-04-26,
334,135,Won,18469.47,2021-07-23,2021-08-28
335,216,Qualified,31208.38,2022-11-05,
336,21,Proposal,23882.51,2022-03-18,
337,163,Lead,15919.59,2022-01-13,
338,176,Won,10034.3,2021-09-27,2021-11-25
339,150,Lost,,2023-01-11,2023-02-27
340,251,Lost,,2023-02-01,2023-03-17
341,452,Lead,13160.31,2021-03-12,
342,398,Won,35890.04,2021-10-23,2021-11-04
343,438,Won,26830.47,2021-06-22,2021-07-11
344,276,Won,30644.55,2021-08-10,2021-08-21
345,476,Won,46047.8,2021-11-13,2021-11-19
346,408,Qualified,12311.02,2023-04-16,
347,492,Lost,,2021-08-21,2021-09-30
348,287,Proposal,26871.72,2021-02-05,
349,260,Qualified,41112.05,2022-02-26,
350,221,Won,48508.46,2022-10-15,2022-11-29
351,148,Lead,5674.07,2021-07-17,
352,65,Won,18142.84,2022-03-21,2022-05-19
353,49,Proposal,34705.77,2022-04-16,
354,462,Lead,48179.42,2021-03-12,
355,472,Won,23735.36,2023-04-16,2023-05-11
356,291,Qualified,22806.74,2022-01-28,
357,308,Proposal,16459.41,2023-01-24,
358,152,Lost,,2021-12-10,2022-02-01
359,128,Proposal,28557.91,2022-01-03,
360,467,Proposal,4384.48,2022-09-19,
361,249,Lead,1905.35,2022-11-22,
362,376,Lead,5383.0,2023-05-02,
363,3,Qualified,39368.78,2023-08-24,
364,10,Proposal,22987.05,2021-11-12,
365,332,Proposal,30800.04,2022-01-12,
366,453,Qualified,9037.49,2023-05-13,
367,129,Won,22492.05,2022-01-03,2022-02-28
368,1,Won,1733.3,2021-03-13,2021-05-08
369,173,Won,13598.29,2022-06-12,2022-08-09
370,228,Lead,33971.04,2023-01-29,
371,14,Lead,10506.56,2022-10-22,
372,316,Proposal,11643.51,2021-07-14,
373,66,Lead,12984.12,2021-08-21,
374,40,Qualified,1324.0,2023-03-25,
375,263,Lead,47661.68,2023-02-23,
376,264,Won,16036.3,2022-11-05,2022-12-18
377,14,Lost,,2021-08-14,2021-09-11
378,290,Qualified,39738.07,2021-01-10,
379,235,Qualified,29570.77,2021-03-07,
380,107,Qualified,30415.47,2023-06-04,
381,59,Lead,48538.9,2021-08-14,
382,489,Won,19717.7,2023-07-08,2023-07-20
383,169,Proposal,15300.19,2022-07-31,
384,297,Won,2924.32,2023-01-10,2023-02-18
385,318,Qualified,42758.08,2022-08-30,
386,493,Qualified,43495.59,2022-09-14,
387,332,Qualified,45968.59,2021-09-01,
388,365,Lost,,2021-04-09,2021-04-30
389,381,Proposal,26777.23,2022-07-21,
390,483,Lead,42611.39,2022-12-19,
391,356,Lead,30713.62,2023-09-23,
392,233,Won,33928.29,2022-10-10,2022-11-29
393,156,Proposal,40981.23,2022-05-30,
394,196,Qualified,38275.22,2021-07-04,
395,62,Lost,,2021-09-12,2021-11-08
396,302,Lost,,2021-04-05,2021-04-15
397,416,Lost,,2021-04-28,2021-05-04
398,227,Lost,,2021-10-25,2021-12-09
399,496,Lead,46429.4,2021-11-23,
400,423,Lost,,2023-03-31,2023-05-22
401,117,Lead,9058.12,2021-12-10,
402,468,Lost,,2023-08-20,2023-08-30
403,401,Qualified,37186.2,2021-11-06,
404,126,Qualified,13729.97,2021-06-10,
405,442,Lost,,2021-10-18,2021-12-08
406,337,Won,17269.73,2023-08-04,2023-09-07
407,107,Qualified,42079.74,2022-10-10,
408,384,Lost,,2022-09-21,2022-11-06
409,312,Lost,,2022-04-16,2022-06-04
410,296,Lost,,2021-02-23,2021-04-05
411,54,Lost,,2021-09-03,2021-10-27
412,417,Won,23833.67,2021-10-26,2021-11-07
413,417,Won,17496.29,2022-02-09,2022-03-05
414,499,Qualified,21290.42,2022-12-13,
415,450,Proposal,47753.17,2021-11-08,
416,336,Lead,22900.9,2023-03-16,
417,121,Qualified,13547.8,2023-04-07,
418,27,Won,10231.43,2023-05-08,2023-07-02
419,431,Won,41996.62,2023-08-28,2023-10-15
420,300,Proposal,21508.92,2023-05-12,
421,309,Lost,,2021-10-03,2021-12-02
422,308,Proposal,34268.5,2022-11-30,
423,444,Lead,37811.9,2023-03-28,
424,10,Lost,,2022-09-25,2022-10-29
425,153,Proposal,2233.12,2021-07-28,
426,446,Qualified,9968.83,2022-01-08,
427,389,Proposal,21277.08,2022-01-19,
428,158,Lead,43129.1,2022-02-23,
429,374,Won,30584.2,2023-09-07,2023-11-02
430,98,Qualified,13881.0,2023-06-18,
431,413,Qualified,24541.15,2022-12-07,
432,14,Proposal,9616.31,2022-06-13,
433,500,Qualified,3441.27,2022-12-02,
434,102,Lead,15193.91,2022-08-12,
435,301,Lost,,2022-02-03,2022-03-06
436,171,Qualified,36489.96,2021-05-04,
437,40,Proposal,1595.46,2022-12-09,
438,196,Won,21199.31,2022-11-21,2022-12-28
439,79,Won,42029.4,2021-04-12,2021-05-29
440,200,Qualified,23396.42,2022-03-14,
441,99,Lost,,2022-02-28,2022-03-29
442,136,Won,1436.27,2021-10-12,2021-10-21
443,474,Won,32596.21,2023-04-10,2023-05-05
444,256,Proposal,7994.5,2022-05-20,
445,262,Proposal,48971.64,2022-07-09,
446,409,Won,9163.19,2021-09-29,2021-11-25
447,195,Lost,,2022-09-29,2022-11-16
448,76,Proposal,1819.8,2023-04-30,
449,51,Won,29904.47,2023-05-13,2023-07-08
450,247,Won,16756.66,2022-07-13,2022-08-28
451,120,Lead,31351.91,2021-07-24,
452,80,Won,10629.74,2022-04-17,2022-05-29
453,492,Lost,,2021-12-09,2022-01-03
454,232,Lead,24095.23,2023-04-02,
455,28,Won,47768.13,2022-10-23,2022-11-04
456,205,Lead,27925.13,2022-07-19,
457,57,Lost,,2022-10-08,2022-11-28
458,121,Lead,13103.89,2021-09-10,
459,345,Lead,25371.68,2021-03-28,
460,51,Lost,,2021-12-10,2021-12-30
461,292,Proposal,22692.21,2022-05-13,
462,280,Lost,,2023-06-18,2023-08-12
463,408,Proposal,35932.85,2022-10-25,
464,492,Proposal,16133.61,2022-04-03,
465,223,Proposal,26006.62,2023-05-14,
466,390,Lost,,2021-12-31,2022-01-26
467,58,Lost,,2021-05-16,2021-06-11
468,106,Won,47354.03,2021-02-10,2021-03-15
469,475,Qualified,27229.71,2023-08-01,
470,396,Won,41391.05,2023-02-25,2023-03-05
471,201,Proposal,7796.01,2021-02-09,
472,478,Won,5063.88,2022-08-15,2022-09-16
473,372,Lost,,2022-05-13,2022-06-05
474,313,Proposal,20754.81,2021-05-12,
475,260,Proposal,11476.89,2023-01-25,
476,31,Qualified,43583.86,2022-09-04,
477,104,Lead,47064.03,2022-07-15,
478,103,Won,9176.35,2022-09-29,2022-10-29
479,307,Qualified,24024.89,2021-10-14,
480,246,Lead,17753.48,2021-10-16,
481,488,Lost,,2021-11-05,2022-01-04
482,495,Proposal,13962.88,2023-04-13,
483,116,Qualified,26264.71,2021-08-07,
484,70,Proposal,39811.7,2022-07-08,
485,201,Qualified,12826.88,2022-08-21,
486,402,Proposal,2685.67,2021-08-22,
487,80,Lead,16345.21,2022-07-07,
488,215,Won,23577.98,2022-11-23,2023-01-13
489,219,Lead,49878.28,2022-12-24,
490,284,Won,21115.83,2022-07-04,2022-08-13
491,93,Lead,34740.32,2022-07-03,
492,302,Won,29605.76,2022-02-20,2022-04-08
493,447,Won,14642.93,2021-12-13,2022-02-10
494,246,Won,14825.21,2022-06-28,2022-07-27
495,88,Lead,42542.81,2022-12-13,
496,207,Proposal,27305.33,2021-02-04,
497,285,Lost,,2022-02-18,2022-03-27
498,350,Proposal,32563.1,2023-01-18,
499,190,Won,31631.22,2022-02-14,2022-02-27
500,385,Won,39107.04,2023-01-02,2023-02-20
501,382,Lost,,2023-01-26,2023-02-08
502,186,Won,14500.89,2023-09-07,2023-10-02
503,85,Lost,,2021-07-31,2021-08-11
504,45,Qualified,40500.5,2023-09-18,
505,65,Qualified,1000.19,2022-09-23,
506,47,Proposal,34475.09,2022-01-15,
507,450,Proposal,28916.94,2023-06-21,
508,273,Won,30307.03,2021-01-13,2021-02-02
509,342,Proposal,26115.44,2022-05-08,
510,327,Won,29597.0,2021-06-05,2021-06-14
511,313,Lost,,2023-07-22,2023-08-20
512,399,Won,2390.71,2021-11-22,2021-12-28
513,153,Lost,,2022-07-06,2022-08-06
514,157,Lead,29318.07,2021-11-05,
515,285,Won,48797.57,2021-11-05,2021-12-01
516,196,Lead,15246.4,2021-12-09,
517,484,Lost,,2021-10-29,2021-11-08
518,10,Lost,,2023-06-21,2023-07-11
519,500,Won,10798.73,2021-12-17,2022-01-07
520,180,Qualified,45471.72,2022-01-29,
521,144,Won,42214.54,2023-08-26,2023-10-21
522,436,Won,25384.32,2023-03-01,2023-03-23
523,295,Won,19598.04,2022-06-19,2022-06-29
524,65,Proposal,4329.9,2021-06-30,
525,387,Lost,,2022-09-21,2022-11-06
526,440,Qualified,12866.3,2023-01-22,
527,497,Lost,,2021-02-27,2021-03-20
528,304,Won,20403.74,2021-03-05,2021-04-28
529,200,Won,5049.64,2022-09-19,2022-11-17
530,117,Proposal,25739.13,2023-09-10,
531,221,Qualified,15942.27,2023-09-17,
532,66,Lost,,2023-05-31,2023-06-07
533,419,Qualified,35279.99,2021-02-14,
534,257,Qualified,32040.29,2022-09-05,
535,38,Lost,,2022-07-07,2022-08-14
536,94,Lead,34264.63,2023-06-26,
537,84,Lost,,2023-06-09,2023-07-04
538,127,Won,26485.87,2022-02-10,2022-03-10
539,245,Proposal,29853.33,2022-05-26,
540,365,Qualified,30058.79,2021-07-27,
541,123,Won,47473.84,2023-03-20,2023-04-16
542,386,Lost,,2021-01-27,2021-03-07
543,416,Qualified,16973.71,2023-03-24,
544,209,Proposal,2617.34,2021-10-05,
545,200,Lead,44685.06,2021-01-08,
546,386,Lost,,2023-03-03,2023-03-22
547,149,Lead,32086.86,2022-09-18,
548,175,Lost,,2022-10-15,2022-11-20
549,243,Won,13528.8,2021-07-14,2021-08-31
550,179,Lead,17181.44,2021-07-06,
551,124,Lost,,2021-03-15,2021-04-02
552,396,Lost,,2021-02-24,2021-04-19
553,339,Won,20554.57,2022-01-29,2022-02-14
554,169,Qualified,21069.04,2022-06-02,
555,319,Lost,,2023-07-19,2023-08-16
556,289,Won,8697.65,2023-08-25,2023-10-19
557,301,Won,7664.19,2023-05-03,2023-05-22
558,201,Proposal,11584.31,2023-05-29,
559,390,Won,7093.98,2021-02-26,2021-04-15
560,485,Won,15221.42,2023-05-18,2023-06-17
561,162,Proposal,5292.32,2023-04-30,
562,444,Lost,,2021-01-27,2021-02-01
563,396,Lead,36331.35,2023-04-17,
564,373,Lead,14720.53,2023-08-17,
565,206,Lead,8390.34,2021-05-18,
566,10,Proposal,28199.9,2021-02-17,
567,280,Won,11230.46,2022-10-22,2022-11-10
568,498,Lead,43322.75,2023-05-03,
569,63,Won,36545.1,2022-02-27,2022-04-28
570,70,Won,33949.32,2022-01-08,2022-02-07
571,201,Lead,7802.09,2022-11-10,
572,424,Lead,49736.42,2021-12-23,
573,221,Qualified,32914.28,2021-08-26,
574,221,Proposal,4786.32,2022-08-15,
575,363,Lead,21142.59,2021-04-25,
576,384,Won,14390.9,2021-04-05,2021-06-04
577,81,Won,4016.54,2021-03-14,2021-04-25
578,177,Lost,,2022-02-05,2022-03-08
579,484,Proposal,1091.52,2021-06-30,
580,21,Proposal,23367.36,2021-08-31,
581,44,Qualified,9260.94,2022-09-09,
582,335,Won,33939.67,2022-07-12,2022-07-18
583,349,Lost,,2021-07-12,2021-09-02
584,214,Lost,,2021-12-24,2022-02-20
585,178,Qualified,21855.86,2021-05-02,
586,182,Lead,23516.94,2021-03-05,
587,405,Lost,,2023-01-05,2023-03-01
588,352,Won,47797.56,2021-10-28,2021-12-06
589,73,Lead,40705.04,2021-01-30,
590,280,Qualified,8711.8,2022-07-06,
591,451,Won,26625.62,2021-04-17,2021-05-15
592,41,Lead,10444.13,2022-01-22,
593,489,Qualified,20286.11,2023-03-22,
594,244,Won,33087.67,2021-06-15,2021-06-24
595,76,Lead,28719.52,2022-02-28,
596,266,Qualified,10129.39,2022-09-30,
597,429,Won,30138.23,2022-04-23,2022-05-21
598,266,Proposal,38093.1,2022-06-16,
599,239,Proposal,19533.67,2022-05-30,
600,86,Lead,4989.62,2022-09-26,
601,8,Lead,49723.1,2023-07-27,
602,275,Proposal,31266.43,2023-02-21,
603,205,Won,42601.42,2021-03-08,2021-05-07
604,27,Won,48979.57,2022-11-23,2023-01-19
605,312,Proposal,37139.79,2022-05-22,
606,413,Lost,,2021-06-16,2021-07-30
607,419,Lead,41053.35,2022-03-20,
608,427,Won,19955.69,2023-07-09,2023-08-07
609,350,Lost,,2023-09-19,2023-10-17
610,214,Qualified,39580.35,2021-07-09,
611,368,Lead,13859.18,2021-06-24,
612,329,Lead,49017.8,2021-11-11,
613,420,Won,18466.21,2023-04-19,2023-04-29
614,464,Proposal,42284.13,2022-06-12,
615,182,Proposal,49473.2,2021-07-14,
616,61,Lost,,2023-05-14,2023-06-20
617,98,Won,19922.6,2021-02-03,2021-03-27
618,208,Lost,,2023-08-01,2023-09-26
619,437,Lead,40892.55,2022-08-25,
620,275,Proposal,3520.49,2022-10-18,
621,203,Won,9312.8,2022-05-25,2022-06-18
622,234,Proposal,39377.03,2021-03-05,
623,468,Lost,,2022-05-24,2022-07-01
624,97,Won,21984.89,2022-05-11,2022-06-08
625,332,Lost,,2021-04-03,2021-04-30
626,35,Lead,22800.09,2023-09-18,
627,331,Proposal,34324.37,2022-02-07,
628,6,Lost,,2023-03-22,2023-04-22
629,196,Lead,8313.26,2021-03-11,
630,222,Proposal,24945.27,2023-02-24,
631,446,Won,29980.73,2022-07-23,2022-08-05
632,205,Lost,,2023-06-07,2023-08-05
633,332,Lead,6166.39,2021-10-02,
634,55,Lost,,2021-11-18,2021-11-29
635,129,Qualified,48109.98,2023-07-30,
636,281,Won,36868.75,2021-01-03,2021-02-11
637,209,Won,41974.86,2023-07-17,2023-09-02
638,351,Lost,,2021-10-04,2021-11-05
639,93,Qualified,21366.13,2022-02-05,
640,175,Lost,,2023-04-29,2023-05-19
641,21,Lead,33112.41,2023-07-09,
642,235,Proposal,10519.27,2023-07-11,
643,44,Won,25527.11,2022-03-13,2022-05-01
644,473,Lead,26501.3,2021-11-22,
645,388,Proposal,28254.97,2021-05-24,
646,364,Won,31844.86,2022-02-14,2022-03-12
647,64,Lost,,2022-12-18,2023-02-08
648,304,Won,47263.23,2021-01-06,2021-02-11
649,161,Qualified,27445.64,2022-05-07,
650,351,Qualified,39950.23,2021-05-03,
651,452,Won,17725.13,2022-09-03,2022-10-21
652,372,Qualified,28307.71,2021-02-11,
653,415,Lead,35526.33,2021-06-23,
654,128,Won,49063.52,2022-04-10,2022-06-02
655,5,Proposal,21089.81,2021-10-24,
656,422,Proposal,46879.59,2021-05-17,
657,5,Qualified,38097.38,2022-10-22,
658,20,Proposal,17417.02,2023-07-31,
659,159,Proposal,24873.53,2022-07-16,
660,420,Lead,20341.36,2022-11-23,
661,177,Lost,,2021-01-14,2021-02-23
662,412,Lead,28467.19,2022-10-19,
663,248,Won,37620.63,2021-02-03,2021-02-10
664,115,Won,38653.45,2023-06-20,2023-08-19
665,26,Lost,,2023-03-18,2023-04-06
666,2,Qualified,43111.61,2022-08-28,
667,145,Won,42701.23,2021-12-08,2022-02-06
668,166,Qualified,4205.01,2022-05-11,
669,380,Proposal,11536.69,2023-06-01,
670,304,Lost,,2023-01-16,2023-02-19
671,264,Won,6925.38,2023-07-31,2023-08-18
672,33,Lead,19009.48,2023-08-10,
673,351,Lost,,2023-01-31,2023-04-01
674,495,Won,25045.28,2021-12-19,2021-12-29
675,282,Lead,48784.42,2023-02-14,
676,234,Lead,42095.73,2023-01-29,
677,93,Lead,49672.46,2023-07-02,
678,198,Lost,,2022-03-15,2022-03-20
679,137,Lead,3896.44,2022-11-18,
680,130,Lost,,2023-07-25,2023-09-21
681,128,Proposal,23966.85,2023-04-13,
682,97,Won,12835.05,2022-03-26,2022-04-18
683,90,Qualified,31034.01,2022-01-09,
684,163,Won,45538.0,2021-11-25,2022-01-09
685,451,Lead,36987.86,2021-08-08,
686,324,Proposal,33822.1,2022-10-30,
687,231,Lost,,2021-11-11,2021-12-15
688,251,Lost,,2021-08-10,2021-10-05
689,206,Qualified,23183.73,2022-08-15,
690,92,Qualified,4079.63,2022-03-23,
691,446,Lead,13408.69,2022-10-30,
692,364,Qualified,6150.27,2022-09-09,
693,357,Lost,,2023-07-05,2023-07-30
694,162,Won,10267.33,2023-08-26,2023-09-24
695,402,Lead,46801.26,2022-09-15,
696,58,Lost,,2022-11-28,2022-12-04
697,148,Qualified,21501.2,2023-09-25,
698,500,Proposal,49547.85,2022-01-14,
699,11,Proposal,27247.0,2022-09-01,
700,416,Lost,,2021-06-03,2021-07-22
701,160,Proposal,7842.79,2022-06-26,
702,473,Lead,26410.34,2021-08-01,
703,411,Won,35609.21,2022-06-29,2022-07-11
704,465,Proposal,28517.59,2023-03-19,
705,347,Lead,35734.06,2021-02-25,
706,378,Qualified,43985.08,2022-09-08,
707,175,Lead,29158.23,2023-05-12,
708,18,Lost,,2023-06-28,2023-08-16
709,321,Qualified,46145.96,2021-09-21,
710,473,Won,16312.28,2021-05-02,2021-06-25
711,440,Qualified,36520.98,2023-02-20,
712,326,Lead,2807.3,2022-03-11,
713,149,Lost,,2022-08-08,2022-10-01
714,418,Proposal,29426.46,2022-01-01,
715,99,Lead,47597.84,2021-10-26,
716,169,Qualified,30056.39,2021-12-30,
717,177,Qualified,9670.91,2023-03-07,
718,88,Proposal,4256.31,2022-01-04,
719,217,Lead,43022.0,2022-01-08,
720,293,Lost,,2022-09-16,2022-10-07
721,440,Qualified,1869.56,2023-05-15,
722,194,Lost,,2021-03-09,2021-04-13
723,383,Lost,,2021-07-23,2021-08-25
724,257,Lost,,2021-05-27,2021-07-06
725,478,Qualified,16947.64,2021-12-25,
726,140,Qualified,42161.33,2022-12-19,
727,162,Lost,,2023-06-06,2023-07-04
728,235,Lost,,2022-07-26,2022-08-31
729,436,Lost,,2022-08-07,2022-09-04
730,129,Won,28385.21,2021-12-28,2022-01-03
731,50,Proposal,21468.21,2021-03-09,
732,494,Qualified,14854.49,2023-04-13,
733,162,Qualified,31357.3,2022-02-11,
734,374,Qualified,38408.27,2023-08-21,
735,319,Proposal,5582.66,2022-05-26,
736,309,Qualified,32874.07,2022-10-12,
737,261,Proposal,10448.77,2021-11-29,
738,153,Lost,,2023-07-16,2023-08-19
739,429,Won,38360.51,2023-02-03,2023-03-10
740,186,Lost,,2022-09-15,2022-10-11
741,90,Lead,10554.04,2021-11-22,
742,34,Qualified,27539.48,2023-01-31,
743,7,Lost,,2023-08-19,2023-09-29
744,348,Won,1916.51,2021-06-05,2021-06-27
745,92,Lead,29840.53,2023-09-06,
746,73,Lost,,2022-02-23,2022-04-17
747,428,Qualified,11104.02,2023-08-27,
748,211,Lost,,2021-01-19,2021-03-17
749,202,Won,3586.71,2023-08-23,2023-10-15
750,451,Won,2399.57,2021-04-20,2021-05-01
751,8,Won,46202.76,2021-06-17,2021-08-07
752,238,Lead,6063.98,2021-07-23,
753,90,Lost,,2023-05-24,2023-06-01
754,348,Lead,47642.75,2021-04-18,
755,269,Won,23256.13,2023-07-11,2023-08-10
756,322,Qualified,43188.5,2021-12-02,
757,93,Proposal,12447.06,2023-07-08,
758,454,Won,24276.27,2022-08-10,2022-10-05
759,262,Proposal,32031.48,2022-03-09,
760,292,Qualified,31691.53,2021-11-07,
761,226,Proposal,8496.45,2021-03-03,
762,260,Won,47814.17,2022-07-04,2022-07-21
763,326,Lost,,2021-03-27,2021-05-03
764,143,Proposal,47742.53,2021-10-01,
765,306,Proposal,40025.68,2021-08-29,
766,270,Lead,15344.31,2022-01-20,
767,488,Qualified,25369.31,2023-02-05,
768,297,Qualified,27014.57,2022-03-22,
769,339,Lead,29144.63,2021-06-26,
770,101,Lost,,2023-04-13,2023-05-09
771,145,Lost,,2022-12-21,2023-02-03
772,210,Lost,,2023-08-14,2023-09-24
773,460,Qualified,18421.86,2021-04-18,
774,473,Won,24550.38,2023-01-28,2023-03-10
775,398,Qualified,4097.99,2022-12-05,
776,48,Qualified,27149.61,2021-04-23,
777,479,Lead,45003.85,2023-07-12,
778,128,Won,24721.13,2023-04-20,2023-05-15
779,346,Lead,27068.51,2021-02-25,
780,112,Proposal,31580.17,2023-09-08,
781,237,Lead,35274.87,2023-06-24,
782,71,Proposal,42547.62,2021-05-11,
783,130,Lead,2350.22,2022-12-12,
784,346,Lost,,2021-08-18,2021-08-31
785,238,Won,4232.78,2022-09-14,2022-09-29
786,483,Lead,13730.12,2021-01-03,
787,157,Qualified,37098.58,2021-05-02,
788,116,Qualified,8555.41,2023-02-09,
789,58,Lost,,2021-07-29,2021-08-27
790,399,Proposal,44409.75,2022-01-24,
791,371,Lead,15523.11,2023-04-30,
792,214,Proposal,12115.61,2022-10-27,
793,424,Qualified,21344.28,2023-05-10,
794,33,Qualified,2200.8,2021-03-08,
795,91,Qualified,28220.4,2022-05-30,
796,432,Proposal,41966.59,2023-04-05,
797,447,Proposal,19959.29,2023-04-20,
798,159,Qualified,15926.74,2022-04-26,
799,215,Lost,,2021-05-05,2021-05-25
800,292,Proposal,38891.19,2023-09-10,
801,414,Won,16364.04,2023-02-23,2023-03-06
802,123,Lead,3293.65,2022-12-01,
803,429,Qualified,35551.54,2022-12-06,
804,208,Lost,,2023-08-28,2023-10-20
805,302,Lead,10628.22,2022-09-21,
806,187,Qualified,12466.5,2021-09-29,
807,319,Lead,41210.63,2021-05-31,
808,342,Lost,,2021-12-17,2022-01-21
809,309,Lead,1411.81,2022-09-26,
810,486,Lost,,2022-10-26,2022-12-22
811,347,Proposal,34969.98,2023-08-08,
812,463,Lost,,2021-10-22,2021-12-09
813,480,Qualified,12493.16,2021-04-23,
814,345,Won,47930.92,2023-08-17,2023-09-06
815,62,Qualified,31727.61,2022-02-12,
816,259,Lost,,2023-04-12,2023-06-11
817,287,Proposal,44234.97,2021-03-28,
818,69,Proposal,27113.8,2022-04-10,
819,77,Won,7198.3,2023-07-19,2023-08-23
820,17,Proposal,7011.74,2022-05-25,
821,404,Lost,,2022-09-12,2022-09-17
822,282,Won,20887.9,2022-11-08,2022-11-13
823,138,Qualified,19575.57,2023-01-29,
824,281,Won,49036.0,2022-11-21,2022-12-17
825,475,Qualified,2861.59,2022-06-27,
826,104,Won,41315.48,2022-11-27,2022-12-12
827,121,Won,24936.11,2022-01-27,2022-02-17
828,152,Qualified,15287.3,2021-04-16,
829,433,Lost,,2021-05-14,2021-06-14
830,350,Qualified,23690.97,2022-09-25,
831,275,Lost,,2021-08-07,2021-09-13
832,372,Lost,,2021-06-08,2021-07-13
833,102,Qualified,4985.01,2023-05-18,
834,435,Won,44863.41,2021-01-30,2021-03-03
835,352,Lead,20024.39,2021-11-15,
836,64,Qualified,45466.34,2022-12-28,
837,284,Proposal,18667.06,2022-11-19,
838,156,Proposal,25139.76,2022-05-31,
839,376,Qualified,2850.85,2021-06-29,
840,318,Lead,31186.65,2021-09-13,
841,75,Won,41203.68,2021-09-04,2021-10-07
842,171,Lead,22033.4,2023-06-21,
843,326,Qualified,48445.35,2021-02-02,
844,426,Lost,,2023-01-02,2023-02-08
845,65,Lead,47684.27,2021-09-09,
846,97,Qualified,41280.31,2022-12-11,
847,421,Won,43912.17,2023-02-04,2023-03-05
848,280,Lead,32932.57,2022-08-25,
849,430,Lost,,2022-05-17,2022-05-30
850,352,Qualified,27818.21,2021-01-21,
851,261,Lost,,2021-07-26,2021-09-12
852,216,Qualified,5793.86,2023-06-24,
853,386,Lost,,2022-08-09,2022-09-02
854,344,Qualified,45068.41,2022-05-15,
855,34,Qualified,28321.8,2022-06-14,
856,130,Won,23724.46,2022-08-04,2022-08-21
857,154,Lost,,2021-06-01,2021-07-19
858,206,Lead,27097.01,2022-01-06,
859,213,Proposal,12590.8,2022-10-13,
860,218,Proposal,38777.26,2022-01-23,
861,189,Won,7701.26,2022-03-19,2022-04-02
862,7,Lead,12783.29,2021-02-23,
863,353,Proposal,39034.54,2021-02-02,
864,423,Proposal,30300.25,2022-02-02,
865,102,Proposal,22259.38,2022-04-11,
866,347,Lost,,2022-10-21,2022-11-21
867,166,Lead,8642.03,2021-08-19,
868,340,Won,39683.77,2022-06-13,2022-06-30
869,385,Lead,7650.53,2021-01-05,
870,485,Proposal,46164.69,2023-09-11,
871,19,Qualified,41358.79,2021-06-07,
872,268,Won,33223.1,2022-10-09,2022-12-05
873,329,Won,3289.23,2022-09-01,2022-10-15
874,182,Qualified,19519.05,2022-08-21,
875,429,Won,49171.8,2021-12-20,2022-01-17
876,378,Lead,38808.71,2021-10-31,
877,316,Lead,10734.73,2022-11-05,
878,264,Lead,10188.7,2022-02-18,
879,22,Proposal,23160.02,2022-07-17,
880,312,Qualified,19007.41,2021-05-03,
881,41,Proposal,14829.54,2022-08-13,
882,286,Won,10387.03,2021-08-10,2021-08-20
883,441,Lost,,2023-02-28,2023-04-29
884,268,Proposal,38052.87,2023-03-15,
885,424,Lead,44925.82,2022-03-10,
886,167,Won,43226.21,2022-08-19,2022-08-29
887,39,Qualified,27615.81,2021-07-05,
888,34,Won,12801.19,2021-09-10,2021-09-24
889,299,Proposal,12243.33,2021-05-28,
890,103,Won,25935.1,2021-04-17,2021-05-01
891,380,Proposal,39452.04,2023-08-14,
892,100,Won,49125.03,2021-02-15,2021-02-26
893,11,Lost,,2021-02-22,2021-03-17
894,224,Won,31061.41,2022-04-11,2022-05-03
895,1,Lead,6887.13,2022-04-12,
896,437,Lost,,2022-11-27,2022-12-06
897,243,Qualified,25236.0,2022-03-06,
898,8,Qualified,19786.68,2021-07-10,
899,375,Lost,,2022-03-27,2022-05-16
900,92,Won,25180.22,2023-04-26,2023-06-12
901,458,Lost,,2022-06-26,2022-08-17
902,435,Lead,25857.78,2021-02-25,
903,397,Lost,,2021-02-25,2021-03-24
904,195,Qualified,36841.65,2022-10-23,
905,166,Lead,42468.27,2022-02-01,
906,497,Lost,,2022-08-23,2022-09-05
907,86,Lost,,2021-12-02,2022-01-29
908,434,Lost,,2021-11-17,2021-12-07
909,126,Proposal,37922.78,2023-07-01,
910,152,Proposal,49257.71,2022-11-03,
911,299,Lead,10602.67,2022-09-07,
912,167,Lead,43934.38,2022-09-28,
913,162,Proposal,4085.6,2022-01-06,
914,420,Lead,44287.13,2022-01-21,
915,34,Lost,,2022-07-14,2022-09-01
916,453,Lost,,2021-06-29,2021-07-28
917,153,Lost,,2022-01-14,2022-02-17
918,451,Proposal,11702.51,2021-04-04,
919,299,Won,10223.52,2022-07-24,2022-08-12
920,187,Lead,34756.49,2022-11-21,
921,422,Lead,14176.7,2021-12-20,
922,412,Proposal,13250.1,2023-07-17,
923,246,Lead,34615.89,2022-10-29,
924,117,Lead,9445.4,2023-05-02,
925,8,Won,16761.33,2022-08-28,2022-09-08
926,170,Qualified,48562.72,2022-08-17,
927,166,Lost,,2021-02-18,2021-04-13
928,114,Lead,21027.52,2023-07-22,
929,449,Lead,20562.62,2022-01-08,
930,492,Qualified,21605.71,2021-02-06,
931,413,Lost,,2021-09-13,2021-10-15
932,181,Lost,,2022-02-05,2022-03-14
933,134,Proposal,30040.32,2022-04-18,
934,42,Qualified,10443.85,2022-09-19,
935,74,Won,10714.64,2022-12-20,2023-01-22
936,92,Won,42156.45,2021-11-01,2021-11-16
937,207,Qualified,42678.65,2023-08-04,
938,356,Lead,14750.43,2021-12-24,
939,64,Qualified,42302.2,2021-06-18,
940,430,Lead,21382.16,2023-04-17,
941,197,Qualified,41025.44,2022-07-19,
942,236,Proposal,8525.4,2022-10-21,
943,161,Lead,5347.75,2022-11-10,
944,237,Qualified,41998.26,2022-05-05,
945,135,Lost,,2021-04-06,2021-05-16
946,287,Lead,20336.66,2021-01-29,
947,121,Proposal,29448.73,2023-02-16,
948,329,Proposal,20762.45,2022-10-25,
949,364,Qualified,16568.75,2023-03-11,
950,449,Won,43887.96,2022-04-14,2022-05-24
951,297,Won,19400.25,2023-02-04,2023-03-23
952,82,Qualified,26478.06,2021-08-15,
953,2,Qualified,27757.35,2022-04-16,
954,461,Won,29830.78,2021-10-14,2021-11-24
955,347,Qualified,6096.73,2023-06-03,
956,260,Lead,7235.76,2021-03-04,
957,49,Qualified,20527.84,2021-06-22,
958,196,Won,29762.37,2021-01-09,2021-02-27
959,285,Won,33262.58,2023-08-13,2023-08-21
960,263,Lead,49763.3,2023-06-14,
961,304,Qualified,1846.01,2021-03-12,
962,438,Qualified,35182.59,2022-04-19,
963,415,Proposal,22890.16,2022-12-27,
964,169,Lead,21820.18,2022-06-11,
965,373,Proposal,5573.87,2021-10-02,
966,128,Qualified,36734.73,2022-07-04,
967,445,Lost,,2022-11-16,2022-12-19
968,308,Won,19586.42,2021-05-09,2021-06-01
969,338,Proposal,23919.01,2021-05-27,
970,262,Qualified,14844.54,2021-08-02,
971,334,Qualified,42638.72,2022-05-11,
972,74,Lost,,2022-12-21,2023-01-15
973,244,Qualified,41766.94,2023-07-10,
974,406,Lost,,2021-12-21,2022-02-04
975,111,Lead,38014.46,2023-02-03,
976,264,Lead,27753.1,2021-09-28,
977,105,Qualified,29270.34,2022-06-23,
978,115,Qualified,13357.21,2021-02-26,
979,77,Won,34634.68,2021-11-06,2021-12-27
980,255,Won,25397.37,2021-02-03,2021-03-28
981,161,Won,36035.47,2021-07-16,2021-08-14
982,139,Proposal,26136.71,2023-08-04,
983,294,Lost,,2023-09-22,2023-11-21
984,441,Qualified,15174.83,2021-06-14,
985,363,Lost,,2022-02-26,2022-03-04
986,173,Qualified,36632.29,2023-02-14,
987,4,Won,5596.06,2021-02-15,2021-03-09
988,156,Won,29590.06,2021-08-25,2021-09-30
989,196,Proposal,32656.78,2023-07-17,
990,211,Lost,,2021-07-30,2021-09-12
991,245,Qualified,35871.16,2023-04-07,
992,488,Proposal,38354.8,2021-04-18,
993,50,Qualified,3907.04,2022-08-19,
994,330,Qualified,7044.62,2022-10-14,
995,485,Proposal,29224.98,2021-10-08,
996,212,Won,45143.39,2022-06-21,2022-07-31
997,341,Won,39912.65,2021-07-04,2021-07-09
998,470,Lost,,2021-02-06,2021-03-04
999,222,Lead,15033.62,2021-02-11,
1000,206,Lead,37552.78,2021-08-28,
